{"cameraMode":{"drawMode":0,"name":"Shaded","section":"Shading Mode"},"sceneLighting":false,"audioPlay":false,"sceneViewState":{"showFog":true,"showMaterialUpdate":false,"showSkybox":false,"showFlares":true,"showImageEffects":true,"showParticleSystems":true},"in2DMode":false,"pivot":{"x":27.003000259399415,"y":0.906000018119812,"z":80.41999816894531},"rotation":{"x":0.00010360147280152887,"y":-0.9999012351036072,"z":0.013808614574372769,"w":0.006606330629438162},"size":0.8573672771453857,"orthographic":false}